Réunion / Date;Projet / Thème;Tâche;Statut;Progression (%);Commentaires Abdallah / ce qui a été fait;Commentaires Elisa;Prochaines étapes
26-févr;Frexa - BAY0130;Rédiger la méthodologie de recherche;Terminé;100;Lecture de docs existantes;;Présenter à Elisa
;;Définir l'objectif de recherche;Terminé;100;A revoir encore et encore;;Présenter à Elisa
;;Réaliser l’évaluation du Frexa;En cours;80;Baseline FIM complète : PSM (FO) + Complet (FOCEI), FIMTYPE=2/VARCROSS=1. Exploration 6 combinaisons FIMTYPE=2 × APPROX × VARCROSS sur PSM. Trick FOCEI (REPL=100+$SIM) testé : CL 11%→5%, OMEGA(2,1) 211%→45%. Prochaine étape : CTS N=200 pour validation.;;CTS N=200 (FOCEI, 200 réplications), puis comparer RSE FIM vs CTS
;;Choix implémentation (R/Shiny);Terminé;100;V1 Shiny;;Présenter à Elisa
;;Choix implémentation (R/Shiny);Terminé;99;V2 Shiny;;Présenter à Elisa
;;Revue littérature covariables (cat. & cont.);Terminé;100;Webinaire de RJB / Papiers de LF;;Présenter à Elisa
;;Choisir les algorithmes pertinents (simplex ? Fedorov ? Etc);En cours;50;Taxonomie complète $DESIGN en 8 groupes (A-H). Algos identifiés : NELDER (déterministe), RS/STGR (stochastiques), FEDOROV/DISCRETE (discret). Chaînage RS→STGR→NELDER = recommandation Manuel NONMEM l.7865. Runs d'optimisation MAXEVAL>0 pas encore lancés sur frexalimab.;;Lancer premiers runs optimisation (MAXEVAL>0) sur frexalimab PSM
;Scripts NM;Script bash nettoyage auto (nmrun75 / nmrun76s);Terminé;100;Mise en place nmrun75 & nmrun76s qui nettoient les fichiers inutilisés;;Documenter l’usage
27-Feb;Scripts R;Script R - lecture fichier .ext;Terminé;100;Script lecture .ext et prior résumé;;Fini
02-Mar;Guidance;Vérifier dernières guidances FDA/EMA sur le design;Terminé;100;EMA 2008 / FDA 2022;;Présenter à Elisa
06-Mar;POH1224;$DESIGN frexa EFC18098 = éval sur NM;En cours;30;Trouver la pop virtuelle pour refaire eval sur modele final - introuvable :( /// update 19/03 : ai-je vraiment besoin de la pop virtuelle ? /// update : N:\MtpProject\sar441344\SIM0576\copula\Asian_only;;EN STAND BY
12-Mar;Eval Design;;À faire;0;;;
18-Mar;Suite de la vie;Apply PhD ;À faire;0;https://www.linkedin.com/posts/angelique-perrillat_principal-phd-modeling-activity-7444639890597806080-cC_i?utm_source=share&utm_medium=member_desktop&rcm=ACoAAB-hGfwBY-zEk-dTA3WEEF4HexIB34d02Hg;a;
;;Apply M2;À faire;0;M2 PK UPC / M2 labo MENTRE;;
;;Apply Interships;À faire;0;https://careers.roche.com/global/en/job/ROCHGLOBAL202603107265EXTERNALENGLOBAL/Biostatistician-Intern-Basel-4-6-months?utm_source=linkedin&utm_medium=phenom-feeds;a;
26-Mar;Frexa - Science;Exploration FIMTYPE × VARCROSS complète (frexalimab);Terminé;100;Testé FIMTYPE 0/1/2/3 × VARCROSS 0/1 sur modèle complet. Résultat : FIMTYPE=2+VARCROSS=1 = référence (seul combinaison cohérente). FIMTYPE=1 : RSE absurdes (erreur combinée viole hypothèse indépendance C/θ). FIMTYPE=3 : FIM singulière sur frexalimab.;;"Valider par CTS ; tester sur modèle PSM"
31-Mar;Frexa - Science;Exploration APPROX sur PSM (6 combinaisons);Terminé;100;FT=2 × (FO/FOCE/FOCEI) × (VC=0/1) : 6 runs. Meilleure : FOCEI+VC=1 (D-eff +78% vs FO). THETAs bons partout (6-28%). OMEGAs mauvais (dataset sans ISC). SIGMA(2,2) >650% = non-identifiable structurel.;;"Refaire dataset PSM avec ISC ; relancer même grille"
01-Apr;Frexa - Science;Trick FOCEI (REPL+$SIM) : implémenté et validé;Terminé;100;$DATA REPL=100 + $SIM + GROUPSIZE=0.4 + MODE=0. Améliorations vs FOCEI y-expectation : CL 11%→5%, OMEGA(2,1) 211%→45%, OMEGA(5,5) 91%→48%. OFV -102.81→-107.15. MODE=0≈MODE=2 (OMEGAs identiques). MODE=1 = FIM singulière.;;Comparer trick vs y-expectation par CTS (lequel est le plus fiable ?)
01-Apr;Frexa - Science;Taxonomie complète options $DESIGN (8 groupes A-H);Terminé;100;Groupes : A=FIM, B=APPROX, C=erreur résiduelle, D=algos optimisation, E=critères d'optimalité, F=design séquentiel, G=robuste, H=avancé. Documenté dans référence interne. Facteurs d'exploration identifiés : FIMTYPE × APPROX × Algo × OFVTYPE × Fenêtres.;;Débuter exploration systématique (semaines 1-3 plan)
15-Mar;App Shiny;App Shiny V4 post-processing $DESIGN;Terminé;100;V4.3.2 sur main (PR #36 mergé). 13 modules, 123 tests unitaires. Fonctionnalités : 6 slots de fichiers, pagination RSE, médiane RSE, CPU time, exemples Bauer intégrés (7 exemples), multi-run. Déployable sur RStudio Server R 4.2.0.;;Phase B : champ comparé unifié, table_no_range ex6, Dataset Builder V5
01-Apr;Contrôle qualité FIM;CTS N=200 : validation RSE FIM vs empirique;À faire;0;Protocole défini : FOCEI, N=200 réplications, rapporter taux convergence, CI RSE (percentiles 2.5-97.5%), boundary hits. Critère accept : RSE FIM dans ±20% RSE CTS pour ≥80% des paramètres.;;Lancer sur frexalimab PSM (propre avec ISC)
01-Apr;Frexa - Science;Runs d'optimisation MAXEVAL>0 sur frexalimab;À faire;0;Stratégie : optimiser en FO (rapide) puis évaluer design final en FOCEI+trick. Algorithmes à tester : RS→STGR→NELDER (chaîné). Critère : D-optimalité (OFVTYPE=0) en premier.;;"Lancer premiers runs ; comparer NELDER seul vs RS+STGR+NELDER"
28-Apr;Contrôle qualité FIM;Positive control : répliquer sur warfarin (Bauer ex1);À faire;0;Sanity check : reproduire les RSE publiés dans Bauer 2021 sur l'exemple warfarin. Vérifier que notre setup $DESIGN donne les mêmes valeurs.;;À faire avant CTS frexalimab
18-Mar;Suite de la vie;Abstract contrès junior (28 mai 2026);Terminé;100;Abstract soumis et accepté (validation Sanofi legal). Format : présentation orale 5 min (5 slides, public non-spécialiste). Thème : évaluation FIM rapide vs CTS, guide pratique $DESIGN NONMEM.;;Préparer les 5 slides (contrès 28 mai)
18-Mar;Suite de la vie;Candidature Roche Bâle (stage/emploi);En cours;60;CV + cover letter préparés (4 variantes CV adaptées). Offre : Biostatistician Intern Basel 4-6 months.;;Soumettre la candidature
